Source URL,Target URL,Anchor Text Suggestion,Link Placement,Priority
https://www.nishamanekmd.com/blog/integrative-medicine,https://www.nishamanekmd.com/services,comprehensive integrative medicine services,Within article content,High
https://www.nishamanekmd.com/blog/consciousness-healing,https://www.nishamanekmd.com/courses,consciousness healing workshop,Within article content,High
https://www.nishamanekmd.com/blog/information-medicine,https://www.nishamanekmd.com/book,Bridging Science & Spirit,Within article content,High
https://www.nishamanekmd.com/blog/rheumatoid-arthritis-treatment,https://www.nishamanekmd.com/courses/rheumatoid-relief-program,Rheumatoid Relief Program,Within article content,High
https://www.nishamanekmd.com/blog/holistic-wellness-approach,https://www.nishamanekmd.com/about,Dr. Nisha Manek's approach,Within article content,Medium
https://www.nishamanekmd.com/services,https://www.nishamanekmd.com/blog,latest insights on integrative medicine,Service page sidebar,Medium
https://www.nishamanekmd.com/book,https://www.nishamanekmd.com/blog/consciousness-healing,consciousness healing techniques,Book page content,Medium
https://www.nishamanekmd.com/courses,https://www.nishamanekmd.com/services,integrative medicine services,Course page content,Medium
https://www.nishamanekmd.com/about,https://www.nishamanekmd.com/book,groundbreaking book,About page content,Medium
https://www.nishamanekmd.com/contact,https://www.nishamanekmd.com/services,our integrative medicine services,Contact page content,Low
https://www.nishamanekmd.com/blog/integrative-medicine,https://www.nishamanekmd.com/blog/consciousness-healing,consciousness healing approaches,Related articles section,Low
https://www.nishamanekmd.com/blog/consciousness-healing,https://www.nishamanekmd.com/blog/information-medicine,information medicine,Related articles section,Low
https://www.nishamanekmd.com/blog/information-medicine,https://www.nishamanekmd.com/blog/rheumatoid-arthritis-treatment,rheumatoid arthritis treatment,Related articles section,Low
https://www.nishamanekmd.com/services/consciousness-healing,https://www.nishamanekmd.com/blog/consciousness-healing,learn more about consciousness healing,Service page content,Medium
https://www.nishamanekmd.com/services/information-medicine,https://www.nishamanekmd.com/blog/information-medicine,information medicine insights,Service page content,Medium
https://www.nishamanekmd.com/services/rheumatoid-arthritis-treatment,https://www.nishamanekmd.com/courses/rheumatoid-relief-program,comprehensive rheumatoid relief program,Service page content,High
https://www.nishamanekmd.com/courses/rheumatoid-relief-program,https://www.nishamanekmd.com/blog/rheumatoid-arthritis-treatment,evidence-based rheumatoid arthritis treatment,Course page content,Medium
https://www.nishamanekmd.com/courses/consciousness-healing-workshop,https://www.nishamanekmd.com/blog/consciousness-healing,consciousness healing techniques,Course page content,Medium
https://www.nishamanekmd.com/blog/holistic-wellness-approach,https://www.nishamanekmd.com/contact,schedule a consultation,Article call-to-action,Low
