URL,Title Tag,Meta Description
https://www.nishamanekmd.com/,Dr. Nisha Manek MD - Integrative Medicine & Consciousness Healing,Leading integrative medicine physician specializing in consciousness healing, information medicine, and bridging science with spirituality. Expert in rheumatoid arthritis treatment and holistic wellness.
https://www.nishamanekmd.com/about,About Dr. Nisha Manek MD - Integrative Medicine Physician,Learn about Dr. Nisha Manek's journey in integrative medicine, her expertise in consciousness healing, and her mission to bridge science and spirituality for optimal health.
https://www.nishamanekmd.com/services,Integrative Medicine Services - Dr. Nisha Manek MD,Comprehensive integrative medicine services including consciousness healing, information medicine, rheumatoid arthritis treatment, and personalized wellness programs.
https://www.nishamanekmd.com/book,Bridging Science & Spirit - Dr. Nisha Manek MD,Discover Dr. Nisha Manek's groundbreaking book on bridging science and spirituality in medicine. Essential reading for integrative medicine practitioners and patients.
https://www.nishamanekmd.com/courses,Rheumatoid Relief Program - Dr. Nisha Manek MD,Transform your rheumatoid arthritis treatment with Dr. Nisha Manek's comprehensive Rheumatoid Relief Program. Evidence-based integrative medicine approach.
https://www.nishamanekmd.com/contact,Contact Dr. Nisha Manek MD - Integrative Medicine Consultation,Schedule a consultation with Dr. Nisha Manek MD for personalized integrative medicine care. Specializing in consciousness healing and information medicine.
https://www.nishamanekmd.com/blog,Integrative Medicine Blog - Dr. Nisha Manek MD,Latest insights on integrative medicine, consciousness healing, information medicine, and bridging science with spirituality from Dr. Nisha Manek MD.
https://www.nishamanekmd.com/blog/integrative-medicine,What is Integrative Medicine? - Dr. Nisha Manek MD,Explore the principles of integrative medicine with Dr. Nisha Manek MD. Learn how this holistic approach combines conventional and alternative therapies for optimal health.
https://www.nishamanekmd.com/blog/consciousness-healing,Consciousness Healing in Medicine - Dr. Nisha Manek MD,Discover how consciousness healing transforms medical practice. Dr. Nisha Manek MD explains the science behind consciousness-based healing approaches.
https://www.nishamanekmd.com/blog/information-medicine,Information Medicine: The Future of Healing - Dr. Nisha Manek MD,Learn about information medicine and its role in modern healthcare. Dr. Nisha Manek MD explores this cutting-edge approach to healing and wellness.
