{
  "@context": "https://schema.org",
  "@type": "Article",
  "headline": "Article Title Template",
  "description": "Article description template for blog posts about integrative medicine, consciousness healing, and information medicine.",
  "author": {
    "@type": "Person",
    "name": "Dr. Nisha Manek, MD",
    "url": "https://www.nishamanekmd.com"
  },
  "publisher": {
    "@type": "Organization",
    "name": "Nisha Manek, MD",
    "logo": {
      "@type": "ImageObject",
      "url": "https://www.nishamanekmd.com/images/logo.png"
    }
  },
  "datePublished": "2024-01-01",
  "dateModified": "2024-01-01",
  "mainEntityOfPage": {
    "@type": "WebPage",
    "@id": "https://www.nishamanekmd.com/blog/article-url"
  },
  "image": {
    "@type": "ImageObject",
    "url": "https://www.nishamanekmd.com/images/article-image.jpg",
    "width": 1200,
    "height": 630
  },
  "articleSection": "Integrative Medicine",
  "keywords": "integrative medicine, consciousness healing, information medicine, holistic health",
  "wordCount": 1500,
  "inLanguage": "en-US",
  "isPartOf": {
    "@type": "Blog",
    "name": "Dr. Nisha Manek MD Blog",
    "url": "https://www.nishamanekmd.com/blog"
  }
}
