{
  "@context": "https://schema.org",
  "@type": "Book",
  "name": "Bridging Science & Spirit",
  "description": "A groundbreaking exploration of how consciousness healing and information medicine are transforming modern healthcare, bridging the gap between science and spirituality.",
  "author": {
    "@type": "Person",
    "name": "Dr. Nisha Manek, MD",
    "url": "https://www.nishamanekmd.com"
  },
  "publisher": {
    "@type": "Organization",
    "name": "Nisha Manek, MD Publishing"
  },
  "datePublished": "2023",
  "isbn": "978-0-123456-78-9",
  "numberOfPages": "320",
  "bookFormat": "https://schema.org/Hardcover",
  "inLanguage": "en-US",
  "genre": "Medical/Health",
  "keywords": "integrative medicine, consciousness healing, information medicine, science and spirituality, holistic health",
  "offers": {
    "@type": "Offer",
    "price": "29.99",
    "priceCurrency": "USD",
    "availability": "https://schema.org/InStock",
    "seller": {
      "@type": "Organization",
      "name": "Nisha Manek, MD"
    }
  },
  "aggregateRating": {
    "@type": "AggregateRating",
    "ratingValue": "4.8",
    "reviewCount": "127"
  },
  "url": "https://www.nishamanekmd.com/book"
}
