{
  "@context": "https://schema.org",
  "@type": "Organization",
  "name": "Nisha Manek, MD",
  "description": "Integrative medicine practice specializing in consciousness healing, information medicine, and holistic wellness approaches.",
  "url": "https://www.nishamanekmd.com",
  "logo": "https://www.nishamanekmd.com/images/logo.png",
  "image": "https://www.nishamanekmd.com/images/practice-image.jpg",
  "foundingDate": "2020",
  "founder": {
    "@type": "Person",
    "name": "Dr. Nisha Manek, MD"
  },
  "address": {
    "@type": "PostalAddress",
    "addressLocality": "Scottsdale",
    "addressRegion": "AZ",
    "addressCountry": "US"
  },
  "contactPoint": {
    "@type": "ContactPoint",
    "telephone": "+1-480-555-0123",
    "contactType": "customer service",
    "availableLanguage": "English"
  },
  "sameAs": [
    "https://www.facebook.com/nishamanekmd",
    "https://www.linkedin.com/company/nishamanekmd"
  ],
  "serviceArea": {
    "@type": "GeoCircle",
    "geoMidpoint": {
      "@type": "GeoCoordinates",
      "latitude": "33.4484",
      "longitude": "-111.9261"
    },
    "geoRadius": "50000"
  },
  "hasOfferCatalog": {
    "@type": "OfferCatalog",
    "name": "Integrative Medicine Services",
    "itemListElement": [
      {
        "@type": "Offer",
        "itemOffered": {
          "@type": "Service",
          "name": "Consciousness Healing",
          "description": "Advanced consciousness-based healing approaches"
        }
      },
      {
        "@type": "Offer",
        "itemOffered": {
          "@type": "Service",
          "name": "Information Medicine",
          "description": "Cutting-edge information medicine treatments"
        }
      },
      {
        "@type": "Offer",
        "itemOffered": {
          "@type": "Service",
          "name": "Rheumatoid Arthritis Treatment",
          "description": "Comprehensive rheumatoid arthritis relief program"
        }
      }
    ]
  }
}
